{
  "SD 2014": {
    "ERM": {
      "train_metric": 0.367301573199291,
      "test_metric": 0.42232134976340957,
      "weights": [
        0.5,
        0.5
      ]
    },
    "One-Fit": {
      "train_metric": 0.43047690350622386,
      "test_metric": 0.45226019118685623,
      "weights": [
        0.0,
        1.0
      ]
    },
    "Balanced": {
      "train_metric": 0.37498900948983904,
      "test_metric": 0.4318714894128455,
      "weights": [
        0.5204930662557781,
        0.4795069337442218
      ]
    },
    "Badr": {
      "train_metric": 0.26874574127436335,
      "test_metric": 0.297915247990278,
      "weights": [
        0.13,
        0.87
      ]
    },
    "MinMax": {
      "train_metric": 0.3515303710463649,
      "test_metric": 0.40306451111927866,
      "weights": [
        0.45752212047195706,
        0.5424778795280429
      ]
    },
    "LinePlot": [
      [
        0.0,
        0.01,
        0.02,
        0.03,
        0.04,
        0.05,
        0.06,
        0.07,
        0.08,
        0.09,
        0.1,
        0.11,
        0.12,
        0.13,
        0.14,
        0.15,
        0.16,
        0.17,
        0.18,
        0.19,
        0.2,
        0.21,
        0.22,
        0.23,
        0.24,
        0.25,
        0.26,
        0.27,
        0.28,
        0.29,
        0.3,
        0.31,
        0.32,
        0.33,
        0.34,
        0.35000000000000003,
        0.36,
        0.37,
        0.38,
        0.39,
        0.4,
        0.41000000000000003,
        0.42,
        0.43,
        0.44,
        0.45,
        0.46,
        0.47000000000000003,
        0.48,
        0.49,
        0.5,
        0.51,
        0.52,
        0.53,
        0.54,
        0.55,
        0.56,
        0.5700000000000001,
        0.58,
        0.59,
        0.6,
        0.61,
        0.62,
        0.63,
        0.64,
        0.65,
        0.66,
        0.67,
        0.68,
        0.6900000000000001,
        0.7000000000000001,
        0.71,
        0.72,
        0.73,
        0.74,
        0.75,
        0.76,
        0.77,
        0.78,
        0.79,
        0.8,
        0.81,
        0.8200000000000001,
        0.8300000000000001,
        0.84,
        0.85,
        0.86,
        0.87,
        0.88,
        0.89,
        0.9,
        0.91,
        0.92,
        0.93,
        0.9400000000000001,
        0.9500000000000001,
        0.96,
        0.97,
        0.98,
        0.99,
        1.0
      ],
      [
        0.43047690350622386,
        0.3799716632020936,
        0.346573023763627,
        0.32347605851151795,
        0.30717803772823193,
        0.29588757712237307,
        0.2876948481147312,
        0.2816699284740594,
        0.2768282093803155,
        0.27349384437655533,
        0.27128153443230957,
        0.2698862718590441,
        0.26906583748945156,
        0.26874574127436335,
        0.26891592521884483,
        0.26940968528748926,
        0.27024989681458705,
        0.2713579940507611,
        0.2726940303451053,
        0.27415621874017454,
        0.27603972922704934,
        0.27795756912265546,
        0.28002477109278323,
        0.2822239671148562,
        0.2842438998364344,
        0.28686560663498456,
        0.28939370602961517,
        0.29188057306630705,
        0.29484903240186844,
        0.29714952523065735,
        0.2999017186320505,
        0.3028254505737349,
        0.30595370830615054,
        0.3088192180501672,
        0.3118402351799449,
        0.3149736525450071,
        0.3181253453692632,
        0.32139161517596204,
        0.32470811667810334,
        0.3280281604387919,
        0.3313603260320534,
        0.3346460854990992,
        0.33810738365964077,
        0.3416444495967883,
        0.3450873742610017,
        0.3486165055459108,
        0.3522593665092765,
        0.3561373690061361,
        0.35978538310590585,
        0.363515267219817,
        0.367301573199291,
        0.37089353729113056,
        0.37479480826811284,
        0.37871195198073004,
        0.3826460890433624,
        0.3865839815894193,
        0.39057228677481887,
        0.3944278950606051,
        0.3984532763767119,
        0.40292460365715627,
        0.4067062852875796,
        0.41075096091126384,
        0.4149417659561371,
        0.4193767040259067,
        0.423659643009867,
        0.4279717297493305,
        0.43230062078001025,
        0.4364135259018342,
        0.44094643779779574,
        0.44564669400394247,
        0.450490715534582,
        0.4546790485133797,
        0.4592844082526344,
        0.4639494681357705,
        0.46864437776980605,
        0.4733458739527102,
        0.4781427182686749,
        0.48308599233212424,
        0.4880660471266713,
        0.49285489107627783,
        0.498448039428821,
        0.5033760559692098,
        0.5074054976853357,
        0.5134320044994276,
        0.5182799677202216,
        0.522973590543795,
        0.5276806196402216,
        0.5325580070226384,
        0.5374921755682808,
        0.542199308679895,
        0.5469219583411505,
        0.5512181962533599,
        0.5557336412119984,
        0.5601196723352289,
        0.5643010214713372,
        0.568243854985004,
        0.5719730906009268,
        0.5757253541940621,
        0.5793125724428809,
        0.5857941517383447,
        0.6019907884178416
      ]
    ]
  },
  "ND 2018": {
    "ERM": {
      "train_metric": 0.39604151766505324,
      "test_metric": 0.352615663352894,
      "weights": [
        0.5,
        0.5
      ]
    },
    "One-Fit": {
      "train_metric": 0.4343851755586922,
      "test_metric": 0.4173250131121905,
      "weights": [
        0.0,
        1.0
      ]
    },
    "Balanced": {
      "train_metric": 0.39347230348806583,
      "test_metric": 0.35043092783697893,
      "weights": [
        0.4874633669814392,
        0.5125366330185607
      ]
    },
    "Badr": {
      "train_metric": 0.3401953253672767,
      "test_metric": 0.3125874201678498,
      "weights": [
        0.14,
        0.86
      ]
    },
    "MinMax": {
      "train_metric": 0.39819766394905365,
      "test_metric": 0.3544682500473108,
      "weights": [
        0.5101688579541125,
        0.4898311420458875
      ]
    },